k,mse_uniform,mse_weighted,low25_error,high25_error,low50_error,high50_error
1,29.0007,29.0007,4.96842,3.83522,4.57267,3.93995
3,18.966,18.5133,3.89979,3.12215,3.57669,3.20765
5,17.2606,16.7031,3.72206,3.00325,3.38156,3.07066
7,16.5475,15.9143,3.72484,2.88322,3.31444,2.9636
9,16.3861,15.6782,3.83113,2.81692,3.36934,2.85023
11,16.5593,15.706,3.91106,2.76109,3.43524,2.75968
13,16.8309,15.8677,3.98564,2.72178,3.5057,2.69923
